<?xml version="1.0" standalone="yes"?>
<Recordset>
  <xs:schema id="Recordset" xmlns="" xmlns:xs="http://www.w3.org/2001/XMLSchema" xmlns:msdata="urn:schemas-microsoft-com:xml-msdata">
    <xs:element name="Recordset" msdata:IsDataSet="true" msdata:MainDataTable="DTLABELS" msdata:UseCurrentLocale="true">
      <xs:complexType>
        <xs:choice minOccurs="0" maxOccurs="unbounded">
          <xs:element name="DTLABELS">
            <xs:complexType>
              <xs:sequence>
                <xs:element name="LID" type="xs:int" minOccurs="0" />
                <xs:element name="TXID" type="xs:int" minOccurs="0" />
                <xs:element name="ORDERNO" type="xs:decimal" minOccurs="0" />
                <xs:element name="LABEL" type="xs:string" minOccurs="0" />
                <xs:element name="CONTROLTYPE" type="xs:int" minOccurs="0" />
                <xs:element name="FIELDLENGTH" type="xs:int" minOccurs="0" />
                <xs:element name="DEFAULTTEXT" type="xs:string" minOccurs="0" />
              </xs:sequence>
            </xs:complexType>
          </xs:element>
        </xs:choice>
      </xs:complexType>
    </xs:element>
  </xs:schema>
  <DTLABELS>
    <LID>93</LID>
    <TXID>13</TXID>
    <ORDERNO>4</ORDERNO>
    <LABEL>To Lot</LABEL>
    <CONTROLTYPE>16</CONTROLTYPE>
    <FIELDLENGTH>15</FIELDLENGTH>
    <DEFAULTTEXT />
  </DTLABELS>
  <DTLABELS>
    <LID>94</LID>
    <TXID>13</TXID>
    <ORDERNO>1</ORDERNO>
    <LABEL>Part</LABEL>
    <CONTROLTYPE>16</CONTROLTYPE>
    <FIELDLENGTH>20</FIELDLENGTH>
    <DEFAULTTEXT />
  </DTLABELS>
  <DTLABELS>
    <LID>97</LID>
    <TXID>13</TXID>
    <ORDERNO>2</ORDERNO>
    <LABEL>Quantity</LABEL>
    <CONTROLTYPE>16</CONTROLTYPE>
    <FIELDLENGTH>10</FIELDLENGTH>
    <DEFAULTTEXT />
  </DTLABELS>
  <DTLABELS>
    <LID>98</LID>
    <TXID>13</TXID>
    <ORDERNO>3</ORDERNO>
    <LABEL>To Bin</LABEL>
    <CONTROLTYPE>16</CONTROLTYPE>
    <FIELDLENGTH>6</FIELDLENGTH>
    <DEFAULTTEXT />
  </DTLABELS>
</Recordset>